# Dagmar Gromann and Thierry Declerck (2019): "Towards the Detection and Formal Representation of Semantic Shifts in Inflection Morphology". Proceedings of Language, Data, and Knowledge (LDK). 

Plural of (singular) AND additional sense: 
vesper-vespers 
dud-duds 
shingle-shingles 
mechanic-mechanics
optic-optics 
plier-pliers 
hive-hives 
jack-jacks
harmonic-harmonics
whisker-whiskers
descendant-descendants
heart-hearts
folk-folks
channel-channels
spectacle-spectacles 
poll-polls 
cost-costs 
load-loads 
mope-mopes 
road-roads 
comfort-comforts 
respect-respects 
clew-clews 
groat-groats 
vapor-vapors 
shekel-shekels 
name-names 
rocker-rockers 
sand-sands 
hurdle-hurdles 
silk-silks 
prop-props 
follower-followers 
cleat-cleats 
leader-leaders 
paper-papers 
detail-details 
tap-taps 
clock-clocks 
duckpin-duckpins 
spot-spots 
circumstance-circumstances 
viand-viands 
shoe-shoes 
anagram-anagrams 
quarter-quarters 
drawer-drawers 
acre-acres 
bilge-bilges 
alp-alps 
communication-communications 
organ-organs 
fund-funds 
nerve-nerves 
provision-provisions 
score-scores 
lashing-lashings 
hysteric-hysterics 
lot-lots 
correction-corrections 
tactic-tactics 
quadratic-quadratics 
word-words 
asset-assets 
teen-teens 
blink-blinks 
shamble-shambles 
statistic-statistics 
letter-letters 
link-links 
hippie-hippies 
limber-limbers 
number-numbers 
fall-falls 
polemic-polemics 
dart-darts 
string-strings 
cleaver-cleavers 
thing-things 
room-rooms 
crackling-cracklings 
sprinkle-sprinkles 
hour-hours 
hand-hands 
coco-cocos 
wader-waders 
crab-crabs 
mnemonic-mnemonics 
antipode-antipodes 
sprite-sprites 
wage-wages 
plyer-plyers 
troop-troops 
occasion-occasions 
gyp-gyps 
shuck-shucks 
horseshoe-horseshoes 
auspice-auspices 
pile-piles 
hindquarter-hindquarters 
instruction-instructions 
boxcar-boxcars 
ring-rings 
baluster-balusters 
cow-cows 
cobbler-cobblers 
bloomer-bloomers 
creep-creeps 
scrub-scrubs 
beat-beats 
weed-weeds 
step-steps 
aloe-aloes 
compliment-compliments 
iron-irons 
hoop-hoops 
scrap-scraps 
boxer-boxers 
shade-shades 
effect-effects 
domino-dominos 
work-works 
device-devices 
spec-specs 
strait-straits 
profit-profits 
stall-stalls 
metric-metrics 
finance-finances 
skittle-skittles 
heroic-heroics 
hipster-hipsters 
tremble-trembles 
transaction-transactions 
moral-morals 
human-humans 
outskirt-outskirts 
proceeding-proceedings 
shirtsleeve-shirtsleeves 
gen-gens 
ascomycete-ascomycetes 
draught-draughts 
color-colors 
gob-gobs 
goldfield-goldfields 
leotard-leotards 
brake-brakes 
classic-classics 
slop-slops 
prelim-prelims 
tenpin-tenpins 
gripe-gripes 
skinhead-skinheads 
eye-eyes 
stagger-staggers 
ton-tons 
stack-stacks 
art-arts 
heave-heaves 
clapper-clappers 
peanut-peanuts 
barrel-barrels 
way-ways 
archive-archives 
heap-heaps 
cleaner-cleaners 
bar-bars 
hook-hooks 
collard-collards 
oddment-oddments 
deed-deeds 
knuckle-knuckles 
stay-stays 
rate-rates 
clam-clams 
scruple-scruples 
beatnik-beatniks 
bleacher-bleachers 
stop-stops 
metalwork-metalworks 
mate-mates 
dump-dumps 
bead-beads 
chive-chives 
trumpet-trumpets 
snip-snips 
checker-checkers 
trunk-trunks 
fume-fumes 
chain-chains 
rayon-rayons 
bend-bends 
sparerib-spareribs 
isometric-isometrics 
dig-digs 
porcupine-porcupines 
viewer-viewers 
coeval-coevals 
hymeneal-hymeneals 
arm-arms 
thread-threads 
mauler-maulers 
charade-charades 
desert-deserts 
mod-mods 
honour-honours 
rounder-rounders 
pant-pants 
day-days 
lancer-lancers 
loin-loins 
crossroad-crossroads 
root-roots 
reserve-reserves 
dozen-dozens 
leg-legs 
vibe-vibes 
aquatic-aquatics 
basic-basics 
primate-primates 
stair-stairs 
basidiomycete-basidiomycetes 
relation-relations 
ceramic-ceramics 
wad-wads 
bun-buns 
splinter-splinters 
stock-stocks 
pyrite-pyrites 
oscine-oscines 
part-parts 
regret-regrets 
board-boards 
lodging-lodgings 
cornu-cornus 
tear-tears 
twin-twins 
tropic-tropics 
buttock-buttocks 
rudiment-rudiments 
quoit-quoits 
seat-seats 
victual-victuals 
snuffer-snuffers 
punk-punks 
saving-savings 
bowl-bowls 
element-elements 
operation-operations 
card-cards 
tail-tails 
troglodyte-troglodytes 
cord-cords 
vapour-vapours 
bone-bones 
colour-colours 
dialectic-dialectics 
assize-assizes 
taxi-taxis 
minute-minutes 
heaven-heavens 
congratulation-congratulations 
raft-rafts 
corp-corps 
leftover-leftovers 
chip-chips 
service-services 
wing-wings 
greave-greaves 
silverside-silversides 
eyeglass-eyeglasses 
mass-masses 
domino-dominoes 
breech-breeches 
starch-starches 
sunglass-sunglasses 
loss-losses 
hippy-hippies 
creepy-crawly-creepy-crawlies
fry-fries 
liability-liabilities 
folly-follies 
ally-allies 
fly-flies 
amenity-amenities 
fungus-fungi
slack-slacks 
nothing-nothings 
flat-flats 
credit-credits 
shear-shears 
trapping-trappings 
pragmatic-pragmatics
dripping-drippings 
manner-manners 
digging-diggings 
marble-marbles 
bellow-bellows
talk-talks 
single-singles 
bitter-bitters 
time-times 
grit-grits 
major-majors 
wit-wits 
scad-scads 
megrim-megrims 
term-terms 
bowel-bowels 
crap-craps 
hackle-hackles 
value-values 
affair-affairs
ancient-ancients 
candlepin-candlepins 
naja-najas 
winning-winnings 
spirit-spirits 
convenience-conveniences
lee-lees 
jitter-jitters 
throe-throes 
receipt-receipts 
laurel-laurels 
air-airs 
height-heights 
masse-masses 
minor-minors 
finding-findings 
yip-yips 
sight-sights 
content-contents 
sweat-sweats 
settling-settlings 
sale-sales 
people-peoples 
working-workings 
private-privates 
taking-takings 
fundamental-fundamentals 
yaw-yaws 
pain-pains 
short-shorts 
mean-means 
condition-conditions 
belonging-belongings 
five-fives 
seven-sevens 
fixing-fixings 
ground-grounds 
feeling-feelings 
blue-blues 
gut-guts 
mew-mews 
year-years 
blah-blahs 
nylon-nylons 
common-commons 
picking-pickings 
fatigue-fatigues 
brief-briefs 
glass-glasses 
sixty-sixties 
seventy-seventies 
twenty-twenties 
jimmy-jimmies 
thirty-thirties 
forty-forties 
eighty-eighties
ninety-nineties 
funny-funnies 
fifty-fifties 
hostility-hostilities 
authority-authorities 
contemporary-contemporaries
bandy_leg-bandy_legs
meat_hook-meat_hooks
brussels_sprout-brussels_sprouts
labor_pain-labor_pains
summercater-summercaters
dry_cleaner-dry_cleaners
armed_service-armed_services
jackstraw-jackstraws
spillikin-spillikins
security_measure-security_measures
hard_time-hard_times
defense_lawyer-defense_lawyers
worldly_good-worldly_goods
worldly_possession-worldly_possessions
human_being-human_beings
antitrade-antitrades
gastromycete-gastromycetes
crown_jewel-crown_jewels
juniper_berry-juniper_berries
water-waters 
physic-physics 
specie-species 
ana-anas 
inning-innings 
double-doubles 
premise-premises 
squash_racquet-squash_racquets
marching_order-marching_orders
myxomycete-myxomycetes
dirty_trick-dirty_tricks
ninepin-ninepins
cargo_ship-cargo_ships
field_of_operation-field_of_operations
genus_naja-genus_najas
gasteromycete-gasteromycetes
fine_art-fine_arts
field_glass-field_glasses

Plural only meaning in wiktionary without "plural of":
khaki-khakis 
dermatoglyphic-dermatoglyphics
esthetic-esthetics 
dreg-dregs
scour-scours 
corduroy-corduroys 
glasswork-glassworks
aesthetic-aesthetics 
graphic-graphics
computer_graphic-computer_graphics
pyrotechnic-pyrotechnics 
turp-turps 
amnio-amnios 
pharmaceutic-pharmaceutics 
buckskin-buckskins 
rich-riches
wb-wbs 
adp-adps 
ironwork-ironworks 
dynamic-dynamics 
none-nones 
payable-payables 
kuru-kurus 
static-statics 
dealing-dealings 
slew-slews 
damage-damages 
trimming-trimmings 
ethic-ethics 
jodhpur-jodhpurs 
therapeutic-therapeutics 
acoustic-acoustics 
term-termes
humanity-humanities 
aby-abies 
ruddle-ruddles
discomycete-discomycetes
blue_devil-blue_devils
lamb's-quarter-lamb's-quarters
nonparametric_statistic-nonparametric_statistics
bare_bone-bare_bones
ambage-ambages
wild_oat-wild_oats
